arxiv_id,verdict,placing_sentence
1908.08558v3,LEGIT-MARGINAL,"Guan (JRSS-B): localizer breaks exchangeability, so alpha-tilde is recalibrated to restore exact MARGINAL coverage (Thm 3.2 + randomized rule); local/conditional coverage asymptotic only (S5.1)."
2306.07252v4,LEGIT-DESIGN,Network sampling: 'conditional exchangeability via invariant selectors' restores exchangeability by design; random-walk case is asymptotic (builds on Chernozhukov time-series arguments).
2310.07850v5,LEGIT-MARGINAL,Hore & Barber: calLCP restores marginal coverage (an instance of full conformal with a modified score); for local coverage 'there are no known distribution-free theoretical results to guarantee this'; randomization CHANGES THE TARGET rather than claiming exact local.
2509.21955v1,RECLASSIFY-POOLED,"Learned nonconformity score s_theta(x): a richer A(x,.), trained on its own data then frozen -- still pooled calibration. 'Preserves CP's finite-sample guarantees' is legitimate for exactly frozen-floor's reason. Screen false positive."
2510.05566v2,LEGIT-GAP,"DS-CP: extends Barber et al. 2023 Thm 2 to data-dependent weights; 'achieves the nominal level 1-alpha UP TO A COVERAGE GAP determined by ... the normalized weights'. Bound-with-gap, stated as such."
2512.03738v1,LEGIT-SHIFT,Survival under covariate shift: Tibshirani-style weighted p-values with likelihood-ratio tilts; 'this construction ensures marginal coverage'. The known-shift escape.
2602.12693v1,RECLASSIFY-POOLED,"Leverage-Weighted CP: the weight w(h_i) scales the SCORE (normalized conformal with leverage-based sigma); 'marginal validity for any weight function, as a direct consequence of exchangeability'. Score modification, still pooled. Screen false positive."
2605.08074v1,LEGIT-MARGINAL,"GraphLCP: 'guarantees marginal coverage with finite samples while efficiently attaining favorable test conditional coverage' -- conditional is empirical, marginal is the theorem."
2608.06206v1,LEGIT-ASSUMPTIONS,"Conrad-Moulines-Samsonov: Thm 1 marginal; Thm 3 gives finite-sample LOCAL conditional bounds but only under assumptions P1/A1(S)/A2(S) and n >= n2(h,delta,alpha) -- the smoothness class is assumed, distribution-freeness given up. Exactly the trade smoothing-validity prices."
